"seqnames","start","end","width","strand","mm_originally","mm_replacement","type","cut","count","frequency","read_id"
"ID_1",79,91,13,"+","","","deletion",TRUE,3,0.375,3
"ID_1",162,199,38,"+","","","deletion",FALSE,3,0.375,3
"ID_1",23,23,1,"+","g","A","mismatch",FALSE,3,0.375,3
"ID_1",1,35,35,"-","","","deletion",FALSE,3,0.375,3
"ID_1",79,91,13,"-","","","deletion",TRUE,3,0.375,3
"ID_1",27,28,2,"+","","","insertion",FALSE,1,0.125,4
"ID_1",82,83,2,"+","","","insertion",FALSE,1,0.125,4
"ID_1",148,199,52,"+","","","deletion",FALSE,1,0.125,4
"ID_1",23,23,1,"+","g","A","mismatch",FALSE,1,0.125,4
"ID_1",54,54,1,"+","c","A","mismatch",FALSE,1,0.125,4
"ID_1",56,56,1,"+","g","A","mismatch",FALSE,1,0.125,4
"ID_1",57,57,1,"+","g","A","mismatch",FALSE,1,0.125,4
"ID_1",58,58,1,"+","g","A","mismatch",FALSE,1,0.125,4
"ID_1",59,59,1,"+","c","A","mismatch",FALSE,1,0.125,4
"ID_1",64,64,1,"+","g","A","mismatch",FALSE,1,0.125,4
"ID_1",67,67,1,"+","g","A","mismatch",FALSE,1,0.125,4
"ID_1",68,68,1,"+","t","A","mismatch",FALSE,1,0.125,4
"ID_1",79,79,1,"+","c","T","mismatch",FALSE,1,0.125,4
"ID_1",80,80,1,"+","t","C","mismatch",FALSE,1,0.125,4
"ID_1",81,81,1,"+","g","A","mismatch",FALSE,1,0.125,4
"ID_1",82,82,1,"+","g","C","mismatch",FALSE,1,0.125,4
"ID_1",90,90,1,"+","c","G","mismatch",FALSE,1,0.125,4
"ID_1",91,91,1,"+","a","T","mismatch",FALSE,1,0.125,4
"ID_1",92,92,1,"+","c","T","mismatch",FALSE,1,0.125,4
"ID_1",93,93,1,"+","t","A","mismatch",FALSE,1,0.125,4
"ID_1",80,81,2,"-","","","insertion",FALSE,1,0.125,4
"ID_1",1,50,50,"-","","","deletion",FALSE,1,0.125,4
"ID_1",64,64,1,"-","g","A","mismatch",FALSE,1,0.125,4
"ID_1",67,67,1,"-","g","A","mismatch",FALSE,1,0.125,4
"ID_1",68,68,1,"-","t","A","mismatch",FALSE,1,0.125,4
"ID_1",79,79,1,"-","c","T","mismatch",FALSE,1,0.125,4
"ID_1",80,80,1,"-","t","C","mismatch",FALSE,1,0.125,4
"ID_1",81,81,1,"-","g","A","mismatch",FALSE,1,0.125,4
"ID_1",82,82,1,"-","g","C","mismatch",FALSE,1,0.125,4
"ID_1",102,102,1,"-","c","G","mismatch",FALSE,1,0.125,4
"ID_1",104,104,1,"-","t","A","mismatch",FALSE,1,0.125,4
"ID_1",108,108,1,"-","t","A","mismatch",FALSE,1,0.125,4
"ID_1",109,109,1,"-","c","T","mismatch",FALSE,1,0.125,4
"ID_1",110,110,1,"-","c","T","mismatch",FALSE,1,0.125,4
"ID_1",111,111,1,"-","c","T","mismatch",FALSE,1,0.125,4
"ID_1",114,114,1,"-","a","C","mismatch",FALSE,1,0.125,4
"ID_1",161,161,1,"-","c","T","mismatch",FALSE,1,0.125,4
"ID_1",27,28,2,"+","","","insertion",FALSE,1,0.125,5
"ID_1",62,67,6,"+","","","insertion",FALSE,1,0.125,5
"ID_1",64,84,21,"+","","","deletion",TRUE,1,0.125,5
"ID_1",162,199,38,"+","","","deletion",FALSE,1,0.125,5
"ID_1",23,23,1,"+","g","A","mismatch",FALSE,1,0.125,5
"ID_1",99,99,1,"+","a","C","mismatch",FALSE,1,0.125,5
"ID_1",60,65,6,"-","","","insertion",FALSE,1,0.125,5
"ID_1",1,33,33,"-","","","deletion",FALSE,1,0.125,5
"ID_1",64,84,21,"-","","","deletion",TRUE,1,0.125,5
"ID_1",99,99,1,"-","a","C","mismatch",FALSE,1,0.125,5
"ID_1",27,28,2,"+","","","insertion",FALSE,3,0.375,6
"ID_1",82,83,2,"+","","","insertion",FALSE,3,0.375,6
"ID_1",148,199,52,"+","","","deletion",FALSE,3,0.375,6
"ID_1",23,23,1,"+","g","A","mismatch",FALSE,3,0.375,6
"ID_1",64,64,1,"+","g","A","mismatch",FALSE,3,0.375,6
"ID_1",67,67,1,"+","g","A","mismatch",FALSE,3,0.375,6
"ID_1",68,68,1,"+","t","A","mismatch",FALSE,3,0.375,6
"ID_1",79,79,1,"+","c","T","mismatch",FALSE,3,0.375,6
"ID_1",80,80,1,"+","t","C","mismatch",FALSE,3,0.375,6
"ID_1",81,81,1,"+","g","A","mismatch",FALSE,3,0.375,6
"ID_1",82,82,1,"+","g","C","mismatch",FALSE,3,0.375,6
"ID_1",80,81,2,"-","","","insertion",FALSE,3,0.375,6
"ID_1",1,50,50,"-","","","deletion",FALSE,3,0.375,6
"ID_1",64,64,1,"-","g","A","mismatch",FALSE,3,0.375,6
"ID_1",67,67,1,"-","g","A","mismatch",FALSE,3,0.375,6
"ID_1",68,68,1,"-","t","A","mismatch",FALSE,3,0.375,6
"ID_1",79,79,1,"-","c","T","mismatch",FALSE,3,0.375,6
"ID_1",80,80,1,"-","t","C","mismatch",FALSE,3,0.375,6
"ID_1",81,81,1,"-","g","A","mismatch",FALSE,3,0.375,6
"ID_1",82,82,1,"-","g","C","mismatch",FALSE,3,0.375,6
"ID_1",161,161,1,"-","c","T","mismatch",FALSE,3,0.375,6
"ID_2",152,206,55,"+","","","deletion",FALSE,1,0.2,1
"ID_2",1,55,55,"-","","","deletion",FALSE,1,0.2,1
"ID_2",205,205,1,"-","t","A","mismatch",FALSE,1,0.2,1
"ID_2",152,206,55,"+","","","deletion",FALSE,1,0.2,2
"ID_2",1,54,54,"-","","","deletion",FALSE,1,0.2,2
"ID_2",205,205,1,"-","t","A","mismatch",FALSE,1,0.2,2
"ID_2",135,138,4,"+","","","insertion",FALSE,1,0.2,3
"ID_2",148,206,59,"+","","","deletion",FALSE,1,0.2,3
"ID_2",36,36,1,"+","a","G","mismatch",FALSE,1,0.2,3
"ID_2",44,44,1,"+","a","G","mismatch",FALSE,1,0.2,3
"ID_2",135,138,4,"-","","","insertion",FALSE,1,0.2,3
"ID_2",175,175,1,"-","","","insertion",FALSE,1,0.2,3
"ID_2",1,60,60,"-","","","deletion",FALSE,1,0.2,3
"ID_2",67,67,1,"-","a","T","mismatch",FALSE,1,0.2,3
"ID_2",137,137,1,"-","a","T","mismatch",FALSE,1,0.2,3
"ID_2",147,147,1,"-","a","C","mismatch",FALSE,1,0.2,3
"ID_2",205,205,1,"-","t","A","mismatch",FALSE,1,0.2,3
"ID_2",135,138,4,"+","","","insertion",FALSE,1,0.2,4
"ID_2",148,206,59,"+","","","deletion",FALSE,1,0.2,4
"ID_2",36,36,1,"+","a","G","mismatch",FALSE,1,0.2,4
"ID_2",44,44,1,"+","a","G","mismatch",FALSE,1,0.2,4
"ID_2",135,138,4,"-","","","insertion",FALSE,1,0.2,4
"ID_2",1,58,58,"-","","","deletion",FALSE,1,0.2,4
"ID_2",147,147,1,"-","a","C","mismatch",FALSE,1,0.2,4
"ID_2",177,177,1,"-","t","C","mismatch",FALSE,1,0.2,4
"ID_2",205,205,1,"-","t","A","mismatch",FALSE,1,0.2,4
"ID_2",152,206,55,"+","","","deletion",FALSE,1,0.2,5
"ID_2",36,36,1,"+","a","G","mismatch",FALSE,1,0.2,5
"ID_2",44,44,1,"+","a","G","mismatch",FALSE,1,0.2,5
"ID_2",1,55,55,"-","","","deletion",FALSE,1,0.2,5
"ID_2",205,205,1,"-","t","A","mismatch",FALSE,1,0.2,5
"ID_3",32,34,3,"+","","","insertion",FALSE,1,0.0625,1
"ID_3",58,172,115,"+","","","deletion",TRUE,1,0.0625,1
"ID_3",22,22,1,"+","t","A","mismatch",FALSE,1,0.0625,1
"ID_3",23,23,1,"+","g","A","mismatch",FALSE,1,0.0625,1
"ID_3",24,24,1,"+","t","A","mismatch",FALSE,1,0.0625,1
"ID_3",25,25,1,"+","c","A","mismatch",FALSE,1,0.0625,1
"ID_3",29,29,1,"+","c","A","mismatch",FALSE,1,0.0625,1
"ID_3",32,32,1,"+","c","T","mismatch",FALSE,1,0.0625,1
"ID_3",35,35,1,"+","t","C","mismatch",FALSE,1,0.0625,1
"ID_3",37,37,1,"+","c","T","mismatch",FALSE,1,0.0625,1
"ID_3",38,38,1,"+","c","T","mismatch",FALSE,1,0.0625,1
"ID_3",39,39,1,"+","a","T","mismatch",FALSE,1,0.0625,1
"ID_3",40,40,1,"+","g","C","mismatch",FALSE,1,0.0625,1
"ID_3",42,42,1,"+","t","C","mismatch",FALSE,1,0.0625,1
"ID_3",44,44,1,"+","c","A","mismatch",FALSE,1,0.0625,1
"ID_3",50,50,1,"+","a","G","mismatch",FALSE,1,0.0625,1
"ID_3",53,53,1,"+","c","T","mismatch",FALSE,1,0.0625,1
"ID_3",54,54,1,"+","c","G","mismatch",FALSE,1,0.0625,1
"ID_3",55,55,1,"+","a","T","mismatch",FALSE,1,0.0625,1
"ID_3",173,173,1,"+","c","G","mismatch",FALSE,1,0.0625,1
"ID_3",174,174,1,"+","c","T","mismatch",FALSE,1,0.0625,1
"ID_3",176,176,1,"+","g","T","mismatch",FALSE,1,0.0625,1
"ID_3",32,34,3,"-","","","insertion",FALSE,1,0.0625,1
"ID_3",58,172,115,"-","","","deletion",TRUE,1,0.0625,1
"ID_3",22,22,1,"-","t","A","mismatch",FALSE,1,0.0625,1
"ID_3",23,23,1,"-","g","A","mismatch",FALSE,1,0.0625,1
"ID_3",24,24,1,"-","t","A","mismatch",FALSE,1,0.0625,1
"ID_3",25,25,1,"-","c","A","mismatch",FALSE,1,0.0625,1
"ID_3",29,29,1,"-","c","A","mismatch",FALSE,1,0.0625,1
"ID_3",32,32,1,"-","c","T","mismatch",FALSE,1,0.0625,1
"ID_3",35,35,1,"-","t","C","mismatch",FALSE,1,0.0625,1
"ID_3",37,37,1,"-","c","T","mismatch",FALSE,1,0.0625,1
"ID_3",38,38,1,"-","c","T","mismatch",FALSE,1,0.0625,1
"ID_3",39,39,1,"-","a","T","mismatch",FALSE,1,0.0625,1
"ID_3",40,40,1,"-","g","C","mismatch",FALSE,1,0.0625,1
"ID_3",42,42,1,"-","t","C","mismatch",FALSE,1,0.0625,1
"ID_3",44,44,1,"-","c","A","mismatch",FALSE,1,0.0625,1
"ID_3",50,50,1,"-","a","G","mismatch",FALSE,1,0.0625,1
"ID_3",53,53,1,"-","c","T","mismatch",FALSE,1,0.0625,1
"ID_3",54,54,1,"-","c","G","mismatch",FALSE,1,0.0625,1
"ID_3",55,55,1,"-","a","T","mismatch",FALSE,1,0.0625,1
"ID_3",173,173,1,"-","c","G","mismatch",FALSE,1,0.0625,1
"ID_3",174,174,1,"-","c","T","mismatch",FALSE,1,0.0625,1
"ID_3",176,176,1,"-","g","T","mismatch",FALSE,1,0.0625,1
"ID_3",60,172,113,"+","","","deletion",TRUE,1,0.0625,4
"ID_3",22,22,1,"+","t","A","mismatch",FALSE,1,0.0625,4
"ID_3",23,23,1,"+","g","A","mismatch",FALSE,1,0.0625,4
"ID_3",24,24,1,"+","t","A","mismatch",FALSE,1,0.0625,4
"ID_3",25,25,1,"+","c","A","mismatch",FALSE,1,0.0625,4
"ID_3",29,29,1,"+","c","A","mismatch",FALSE,1,0.0625,4
"ID_3",31,31,1,"+","t","A","mismatch",FALSE,1,0.0625,4
"ID_3",34,34,1,"+","g","T","mismatch",FALSE,1,0.0625,4
"ID_3",36,36,1,"+","t","G","mismatch",FALSE,1,0.0625,4
"ID_3",38,38,1,"+","c","T","mismatch",FALSE,1,0.0625,4
"ID_3",39,39,1,"+","a","T","mismatch",FALSE,1,0.0625,4
"ID_3",40,40,1,"+","g","T","mismatch",FALSE,1,0.0625,4
"ID_3",41,41,1,"+","g","T","mismatch",FALSE,1,0.0625,4
"ID_3",42,42,1,"+","t","C","mismatch",FALSE,1,0.0625,4
"ID_3",45,45,1,"+","t","G","mismatch",FALSE,1,0.0625,4
"ID_3",46,46,1,"+","g","A","mismatch",FALSE,1,0.0625,4
"ID_3",47,47,1,"+","c","T","mismatch",FALSE,1,0.0625,4
"ID_3",49,49,1,"+","t","C","mismatch",FALSE,1,0.0625,4
"ID_3",50,50,1,"+","a","G","mismatch",FALSE,1,0.0625,4
"ID_3",51,51,1,"+","t","G","mismatch",FALSE,1,0.0625,4
"ID_3",53,53,1,"+","c","T","mismatch",FALSE,1,0.0625,4
"ID_3",54,54,1,"+","c","G","mismatch",FALSE,1,0.0625,4
"ID_3",55,55,1,"+","a","T","mismatch",FALSE,1,0.0625,4
"ID_3",57,57,1,"+","g","T","mismatch",FALSE,1,0.0625,4
"ID_3",173,173,1,"+","c","G","mismatch",FALSE,1,0.0625,4
"ID_3",174,174,1,"+","c","T","mismatch",FALSE,1,0.0625,4
"ID_3",176,176,1,"+","g","T","mismatch",FALSE,1,0.0625,4
"ID_3",60,172,113,"-","","","deletion",TRUE,1,0.0625,4
"ID_3",4,4,1,"-","t","G","mismatch",FALSE,1,0.0625,4
"ID_3",7,7,1,"-","c","A","mismatch",FALSE,1,0.0625,4
"ID_3",10,10,1,"-","c","T","mismatch",FALSE,1,0.0625,4
"ID_3",22,22,1,"-","t","A","mismatch",FALSE,1,0.0625,4
"ID_3",23,23,1,"-","g","A","mismatch",FALSE,1,0.0625,4
"ID_3",24,24,1,"-","t","A","mismatch",FALSE,1,0.0625,4
"ID_3",25,25,1,"-","c","A","mismatch",FALSE,1,0.0625,4
"ID_3",29,29,1,"-","c","A","mismatch",FALSE,1,0.0625,4
"ID_3",31,31,1,"-","t","A","mismatch",FALSE,1,0.0625,4
"ID_3",34,34,1,"-","g","T","mismatch",FALSE,1,0.0625,4
"ID_3",36,36,1,"-","t","G","mismatch",FALSE,1,0.0625,4
"ID_3",38,38,1,"-","c","T","mismatch",FALSE,1,0.0625,4
"ID_3",39,39,1,"-","a","T","mismatch",FALSE,1,0.0625,4
"ID_3",40,40,1,"-","g","T","mismatch",FALSE,1,0.0625,4
"ID_3",41,41,1,"-","g","T","mismatch",FALSE,1,0.0625,4
"ID_3",42,42,1,"-","t","C","mismatch",FALSE,1,0.0625,4
"ID_3",45,45,1,"-","t","G","mismatch",FALSE,1,0.0625,4
"ID_3",46,46,1,"-","g","A","mismatch",FALSE,1,0.0625,4
"ID_3",47,47,1,"-","c","T","mismatch",FALSE,1,0.0625,4
"ID_3",49,49,1,"-","t","C","mismatch",FALSE,1,0.0625,4
"ID_3",50,50,1,"-","a","G","mismatch",FALSE,1,0.0625,4
"ID_3",53,53,1,"-","c","T","mismatch",FALSE,1,0.0625,4
"ID_3",54,54,1,"-","c","G","mismatch",FALSE,1,0.0625,4
"ID_3",55,55,1,"-","a","T","mismatch",FALSE,1,0.0625,4
"ID_3",57,57,1,"-","g","T","mismatch",FALSE,1,0.0625,4
"ID_3",173,173,1,"-","c","G","mismatch",FALSE,1,0.0625,4
"ID_3",174,174,1,"-","c","T","mismatch",FALSE,1,0.0625,4
"ID_3",176,176,1,"-","g","T","mismatch",FALSE,1,0.0625,4
"ID_3",60,172,113,"+","","","deletion",TRUE,1,0.0625,5
"ID_3",22,22,1,"+","t","A","mismatch",FALSE,1,0.0625,5
"ID_3",23,23,1,"+","g","A","mismatch",FALSE,1,0.0625,5
"ID_3",24,24,1,"+","t","A","mismatch",FALSE,1,0.0625,5
"ID_3",25,25,1,"+","c","A","mismatch",FALSE,1,0.0625,5
"ID_3",29,29,1,"+","c","A","mismatch",FALSE,1,0.0625,5
"ID_3",31,31,1,"+","t","A","mismatch",FALSE,1,0.0625,5
"ID_3",34,34,1,"+","g","T","mismatch",FALSE,1,0.0625,5
"ID_3",36,36,1,"+","t","G","mismatch",FALSE,1,0.0625,5
"ID_3",38,38,1,"+","c","T","mismatch",FALSE,1,0.0625,5
"ID_3",39,39,1,"+","a","T","mismatch",FALSE,1,0.0625,5
"ID_3",40,40,1,"+","g","T","mismatch",FALSE,1,0.0625,5
"ID_3",41,41,1,"+","g","T","mismatch",FALSE,1,0.0625,5
"ID_3",42,42,1,"+","t","C","mismatch",FALSE,1,0.0625,5
"ID_3",45,45,1,"+","t","G","mismatch",FALSE,1,0.0625,5
"ID_3",46,46,1,"+","g","A","mismatch",FALSE,1,0.0625,5
"ID_3",47,47,1,"+","c","T","mismatch",FALSE,1,0.0625,5
"ID_3",49,49,1,"+","t","C","mismatch",FALSE,1,0.0625,5
"ID_3",50,50,1,"+","a","G","mismatch",FALSE,1,0.0625,5
"ID_3",51,51,1,"+","t","G","mismatch",FALSE,1,0.0625,5
"ID_3",53,53,1,"+","c","T","mismatch",FALSE,1,0.0625,5
"ID_3",54,54,1,"+","c","G","mismatch",FALSE,1,0.0625,5
"ID_3",55,55,1,"+","a","T","mismatch",FALSE,1,0.0625,5
"ID_3",57,57,1,"+","g","T","mismatch",FALSE,1,0.0625,5
"ID_3",173,173,1,"+","c","G","mismatch",FALSE,1,0.0625,5
"ID_3",174,174,1,"+","c","T","mismatch",FALSE,1,0.0625,5
"ID_3",176,176,1,"+","g","T","mismatch",FALSE,1,0.0625,5
"ID_3",60,172,113,"-","","","deletion",TRUE,1,0.0625,5
"ID_3",22,22,1,"-","t","A","mismatch",FALSE,1,0.0625,5
"ID_3",23,23,1,"-","g","A","mismatch",FALSE,1,0.0625,5
"ID_3",24,24,1,"-","t","A","mismatch",FALSE,1,0.0625,5
"ID_3",25,25,1,"-","c","A","mismatch",FALSE,1,0.0625,5
"ID_3",29,29,1,"-","c","A","mismatch",FALSE,1,0.0625,5
"ID_3",31,31,1,"-","t","A","mismatch",FALSE,1,0.0625,5
"ID_3",34,34,1,"-","g","T","mismatch",FALSE,1,0.0625,5
"ID_3",36,36,1,"-","t","G","mismatch",FALSE,1,0.0625,5
"ID_3",38,38,1,"-","c","T","mismatch",FALSE,1,0.0625,5
"ID_3",39,39,1,"-","a","T","mismatch",FALSE,1,0.0625,5
"ID_3",40,40,1,"-","g","T","mismatch",FALSE,1,0.0625,5
"ID_3",41,41,1,"-","g","T","mismatch",FALSE,1,0.0625,5
"ID_3",42,42,1,"-","t","C","mismatch",FALSE,1,0.0625,5
"ID_3",45,45,1,"-","t","G","mismatch",FALSE,1,0.0625,5
"ID_3",46,46,1,"-","g","A","mismatch",FALSE,1,0.0625,5
"ID_3",47,47,1,"-","c","T","mismatch",FALSE,1,0.0625,5
"ID_3",49,49,1,"-","t","C","mismatch",FALSE,1,0.0625,5
"ID_3",50,50,1,"-","a","G","mismatch",FALSE,1,0.0625,5
"ID_3",53,53,1,"-","c","T","mismatch",FALSE,1,0.0625,5
"ID_3",54,54,1,"-","c","G","mismatch",FALSE,1,0.0625,5
"ID_3",55,55,1,"-","a","T","mismatch",FALSE,1,0.0625,5
"ID_3",57,57,1,"-","g","T","mismatch",FALSE,1,0.0625,5
"ID_3",173,173,1,"-","c","G","mismatch",FALSE,1,0.0625,5
"ID_3",174,174,1,"-","c","T","mismatch",FALSE,1,0.0625,5
"ID_3",176,176,1,"-","g","T","mismatch",FALSE,1,0.0625,5
"ID_3",81,81,1,"+","","","insertion",FALSE,1,0.0625,7
"ID_3",150,199,50,"+","","","deletion",FALSE,1,0.0625,7
"ID_3",22,22,1,"+","t","C","mismatch",FALSE,1,0.0625,7
"ID_3",64,64,1,"+","g","A","mismatch",FALSE,1,0.0625,7
"ID_3",68,68,1,"+","t","A","mismatch",FALSE,1,0.0625,7
"ID_3",99,99,1,"+","a","C","mismatch",FALSE,1,0.0625,7
"ID_3",81,81,1,"-","","","insertion",FALSE,1,0.0625,7
"ID_3",1,49,49,"-","","","deletion",FALSE,1,0.0625,7
"ID_3",64,64,1,"-","g","A","mismatch",FALSE,1,0.0625,7
"ID_3",68,68,1,"-","t","A","mismatch",FALSE,1,0.0625,7
"ID_3",99,99,1,"-","a","C","mismatch",FALSE,1,0.0625,7
"ID_3",151,199,49,"+","","","deletion",FALSE,1,0.0625,8
"ID_3",22,22,1,"+","t","C","mismatch",FALSE,1,0.0625,8
"ID_3",112,112,1,"+","a","C","mismatch",FALSE,1,0.0625,8
"ID_3",1,49,49,"-","","","deletion",FALSE,1,0.0625,8
"ID_3",112,112,1,"-","a","C","mismatch",FALSE,1,0.0625,8
"ID_3",27,28,2,"+","","","insertion",FALSE,1,0.0625,10
"ID_3",149,199,51,"+","","","deletion",FALSE,1,0.0625,10
"ID_3",23,23,1,"+","g","A","mismatch",FALSE,1,0.0625,10
"ID_3",35,35,1,"+","t","C","mismatch",FALSE,1,0.0625,10
"ID_3",1,49,49,"-","","","deletion",FALSE,1,0.0625,10
"ID_3",27,28,2,"+","","","insertion",FALSE,1,0.0625,11
"ID_3",149,199,51,"+","","","deletion",FALSE,1,0.0625,11
"ID_3",23,23,1,"+","g","A","mismatch",FALSE,1,0.0625,11
"ID_3",35,35,1,"+","t","G","mismatch",FALSE,1,0.0625,11
"ID_3",42,42,1,"+","t","A","mismatch",FALSE,1,0.0625,11
"ID_3",49,49,1,"+","t","G","mismatch",FALSE,1,0.0625,11
"ID_3",64,64,1,"+","g","A","mismatch",FALSE,1,0.0625,11
"ID_3",68,68,1,"+","t","A","mismatch",FALSE,1,0.0625,11
"ID_3",78,78,1,"+","a","C","mismatch",FALSE,1,0.0625,11
"ID_3",85,85,1,"+","G","C","mismatch",FALSE,1,0.0625,11
"ID_3",88,88,1,"+","g","A","mismatch",FALSE,1,0.0625,11
"ID_3",120,120,1,"+","g","A","mismatch",FALSE,1,0.0625,11
"ID_3",1,49,49,"-","","","deletion",FALSE,1,0.0625,11
"ID_3",64,64,1,"-","g","A","mismatch",FALSE,1,0.0625,11
"ID_3",68,68,1,"-","t","A","mismatch",FALSE,1,0.0625,11
"ID_3",108,108,1,"-","t","G","mismatch",FALSE,1,0.0625,11
"ID_3",114,114,1,"-","a","G","mismatch",FALSE,1,0.0625,11
"ID_3",128,128,1,"-","g","A","mismatch",FALSE,1,0.0625,11
"ID_3",171,171,1,"-","a","G","mismatch",FALSE,1,0.0625,11
"ID_3",27,28,2,"+","","","insertion",FALSE,1,0.0625,12
"ID_3",67,84,18,"+","","","deletion",TRUE,1,0.0625,12
"ID_3",168,199,32,"+","","","deletion",FALSE,1,0.0625,12
"ID_3",23,23,1,"+","g","A","mismatch",FALSE,1,0.0625,12
"ID_3",35,35,1,"+","t","G","mismatch",FALSE,1,0.0625,12
"ID_3",64,64,1,"+","g","T","mismatch",FALSE,1,0.0625,12
"ID_3",99,99,1,"+","a","C","mismatch",FALSE,1,0.0625,12
"ID_3",116,116,1,"+","c","A","mismatch",FALSE,1,0.0625,12
"ID_3",1,30,30,"-","","","deletion",FALSE,1,0.0625,12
"ID_3",67,84,18,"-","","","deletion",TRUE,1,0.0625,12
"ID_3",64,64,1,"-","g","A","mismatch",FALSE,1,0.0625,12
"ID_3",99,99,1,"-","a","C","mismatch",FALSE,1,0.0625,12
"ID_3",166,166,1,"-","g","T","mismatch",FALSE,1,0.0625,12
"ID_3",27,28,2,"+","","","insertion",FALSE,1,0.0625,13
"ID_3",149,199,51,"+","","","deletion",FALSE,1,0.0625,13
"ID_3",23,23,1,"+","g","A","mismatch",FALSE,1,0.0625,13
"ID_3",35,35,1,"+","t","G","mismatch",FALSE,1,0.0625,13
"ID_3",40,40,1,"+","g","T","mismatch",FALSE,1,0.0625,13
"ID_3",49,49,1,"+","t","G","mismatch",FALSE,1,0.0625,13
"ID_3",55,55,1,"+","a","T","mismatch",FALSE,1,0.0625,13
"ID_3",61,61,1,"+","g","C","mismatch",FALSE,1,0.0625,13
"ID_3",64,64,1,"+","g","A","mismatch",FALSE,1,0.0625,13
"ID_3",68,68,1,"+","t","A","mismatch",FALSE,1,0.0625,13
"ID_3",71,71,1,"+","t","C","mismatch",FALSE,1,0.0625,13
"ID_3",79,79,1,"+","c","A","mismatch",FALSE,1,0.0625,13
"ID_3",84,84,1,"+","G","C","mismatch",FALSE,1,0.0625,13
"ID_3",86,86,1,"+","a","G","mismatch",FALSE,1,0.0625,13
"ID_3",87,87,1,"+","g","A","mismatch",FALSE,1,0.0625,13
"ID_3",89,89,1,"+","t","A","mismatch",FALSE,1,0.0625,13
"ID_3",99,99,1,"+","a","C","mismatch",FALSE,1,0.0625,13
"ID_3",108,108,1,"+","t","G","mismatch",FALSE,1,0.0625,13
"ID_3",1,49,49,"-","","","deletion",FALSE,1,0.0625,13
"ID_3",64,64,1,"-","g","A","mismatch",FALSE,1,0.0625,13
"ID_3",68,68,1,"-","t","A","mismatch",FALSE,1,0.0625,13
"ID_3",78,78,1,"-","a","T","mismatch",FALSE,1,0.0625,13
"ID_3",99,99,1,"-","a","C","mismatch",FALSE,1,0.0625,13
"ID_3",108,108,1,"-","t","C","mismatch",FALSE,1,0.0625,13
"ID_3",126,126,1,"-","a","G","mismatch",FALSE,1,0.0625,13
"ID_3",136,136,1,"-","c","T","mismatch",FALSE,1,0.0625,13
"ID_3",138,138,1,"-","a","T","mismatch",FALSE,1,0.0625,13
"ID_3",141,141,1,"-","t","A","mismatch",FALSE,1,0.0625,13
"ID_3",164,164,1,"-","c","A","mismatch",FALSE,1,0.0625,13
"ID_3",172,172,1,"-","t","G","mismatch",FALSE,1,0.0625,13
"ID_3",175,175,1,"-","a","T","mismatch",FALSE,1,0.0625,13
"ID_3",27,28,2,"+","","","insertion",FALSE,1,0.0625,14
"ID_3",149,199,51,"+","","","deletion",FALSE,1,0.0625,14
"ID_3",23,23,1,"+","g","A","mismatch",FALSE,1,0.0625,14
"ID_3",36,36,1,"+","t","C","mismatch",FALSE,1,0.0625,14
"ID_3",42,42,1,"+","t","C","mismatch",FALSE,1,0.0625,14
"ID_3",50,50,1,"+","a","G","mismatch",FALSE,1,0.0625,14
"ID_3",64,64,1,"+","g","A","mismatch",FALSE,1,0.0625,14
"ID_3",68,68,1,"+","t","A","mismatch",FALSE,1,0.0625,14
"ID_3",75,75,1,"+","g","A","mismatch",FALSE,1,0.0625,14
"ID_3",76,76,1,"+","g","A","mismatch",FALSE,1,0.0625,14
"ID_3",77,77,1,"+","a","C","mismatch",FALSE,1,0.0625,14
"ID_3",86,86,1,"+","a","C","mismatch",FALSE,1,0.0625,14
"ID_3",88,88,1,"+","g","T","mismatch",FALSE,1,0.0625,14
"ID_3",94,94,1,"+","g","C","mismatch",FALSE,1,0.0625,14
"ID_3",98,98,1,"+","t","C","mismatch",FALSE,1,0.0625,14
"ID_3",99,99,1,"+","a","C","mismatch",FALSE,1,0.0625,14
"ID_3",102,102,1,"+","c","A","mismatch",FALSE,1,0.0625,14
"ID_3",108,108,1,"+","t","G","mismatch",FALSE,1,0.0625,14
"ID_3",110,110,1,"+","c","A","mismatch",FALSE,1,0.0625,14
"ID_3",126,126,1,"+","a","G","mismatch",FALSE,1,0.0625,14
"ID_3",128,128,1,"+","g","A","mismatch",FALSE,1,0.0625,14
"ID_3",139,139,1,"+","g","T","mismatch",FALSE,1,0.0625,14
"ID_3",1,48,48,"-","","","deletion",FALSE,1,0.0625,14
"ID_3",48,48,1,"-","g","T","mismatch",FALSE,1,0.0625,14
"ID_3",53,53,1,"-","c","G","mismatch",FALSE,1,0.0625,14
"ID_3",55,55,1,"-","a","T","mismatch",FALSE,1,0.0625,14
"ID_3",64,64,1,"-","g","A","mismatch",FALSE,1,0.0625,14
"ID_3",68,68,1,"-","t","A","mismatch",FALSE,1,0.0625,14
"ID_3",71,71,1,"-","t","G","mismatch",FALSE,1,0.0625,14
"ID_3",99,99,1,"-","a","C","mismatch",FALSE,1,0.0625,14
"ID_3",27,28,2,"+","","","insertion",FALSE,1,0.0625,15
"ID_3",67,81,15,"+","","","deletion",TRUE,1,0.0625,15
"ID_3",162,199,38,"+","","","deletion",FALSE,1,0.0625,15
"ID_3",23,23,1,"+","g","A","mismatch",FALSE,1,0.0625,15
"ID_3",36,36,1,"+","t","C","mismatch",FALSE,1,0.0625,15
"ID_3",1,33,33,"-","","","deletion",FALSE,1,0.0625,15
"ID_3",67,81,15,"-","","","deletion",TRUE,1,0.0625,15
"ID_3",36,36,1,"-","t","C","mismatch",FALSE,1,0.0625,15
"ID_3",27,28,2,"+","","","insertion",FALSE,5,0.3125,16
"ID_3",149,199,51,"+","","","deletion",FALSE,5,0.3125,16
"ID_3",23,23,1,"+","g","A","mismatch",FALSE,5,0.3125,16
"ID_3",38,38,1,"+","c","A","mismatch",FALSE,5,0.3125,16
"ID_3",64,64,1,"+","g","A","mismatch",FALSE,5,0.3125,16
"ID_3",68,68,1,"+","t","A","mismatch",FALSE,5,0.3125,16
"ID_3",1,49,49,"-","","","deletion",FALSE,5,0.3125,16
"ID_3",64,64,1,"-","g","A","mismatch",FALSE,5,0.3125,16
"ID_3",68,68,1,"-","t","A","mismatch",FALSE,5,0.3125,16
"ID_4",152,194,43,"+","","","deletion",FALSE,1,0.2,1
"ID_4",24,24,1,"+","t","G","mismatch",FALSE,1,0.2,1
"ID_4",26,26,1,"+","a","G","mismatch",FALSE,1,0.2,1
"ID_4",28,28,1,"+","g","A","mismatch",FALSE,1,0.2,1
"ID_4",32,32,1,"+","a","T","mismatch",FALSE,1,0.2,1
"ID_4",33,33,1,"+","a","C","mismatch",FALSE,1,0.2,1
"ID_4",34,34,1,"+","a","C","mismatch",FALSE,1,0.2,1
"ID_4",35,35,1,"+","a","T","mismatch",FALSE,1,0.2,1
"ID_4",37,37,1,"+","t","C","mismatch",FALSE,1,0.2,1
"ID_4",38,38,1,"+","g","C","mismatch",FALSE,1,0.2,1
"ID_4",40,40,1,"+","t","C","mismatch",FALSE,1,0.2,1
"ID_4",43,43,1,"+","a","C","mismatch",FALSE,1,0.2,1
"ID_4",44,44,1,"+","a","G","mismatch",FALSE,1,0.2,1
"ID_4",45,45,1,"+","a","C","mismatch",FALSE,1,0.2,1
"ID_4",56,56,1,"+","c","T","mismatch",FALSE,1,0.2,1
"ID_4",57,57,1,"+","t","A","mismatch",FALSE,1,0.2,1
"ID_4",58,58,1,"+","c","T","mismatch",FALSE,1,0.2,1
"ID_4",59,59,1,"+","c","A","mismatch",FALSE,1,0.2,1
"ID_4",60,60,1,"+","a","C","mismatch",FALSE,1,0.2,1
"ID_4",64,64,1,"+","t","A","mismatch",FALSE,1,0.2,1
"ID_4",65,65,1,"+","a","C","mismatch",FALSE,1,0.2,1
"ID_4",66,66,1,"+","a","T","mismatch",FALSE,1,0.2,1
"ID_4",68,68,1,"+","g","C","mismatch",FALSE,1,0.2,1
"ID_4",69,69,1,"+","t","G","mismatch",FALSE,1,0.2,1
"ID_4",71,71,1,"+","a","G","mismatch",FALSE,1,0.2,1
"ID_4",73,73,1,"+","t","C","mismatch",FALSE,1,0.2,1
"ID_4",74,74,1,"+","t","C","mismatch",FALSE,1,0.2,1
"ID_4",76,76,1,"+","t","C","mismatch",FALSE,1,0.2,1
"ID_4",78,78,1,"+","c","A","mismatch",FALSE,1,0.2,1
"ID_4",79,79,1,"+","t","G","mismatch",FALSE,1,0.2,1
"ID_4",83,83,1,"+","a","G","mismatch",FALSE,1,0.2,1
"ID_4",85,85,1,"+","t","A","mismatch",FALSE,1,0.2,1
"ID_4",89,89,1,"+","t","G","mismatch",FALSE,1,0.2,1
"ID_4",121,121,1,"+","g","A","mismatch",FALSE,1,0.2,1
"ID_4",133,133,1,"+","a","C","mismatch",FALSE,1,0.2,1
"ID_4",1,43,43,"-","","","deletion",FALSE,1,0.2,1
"ID_4",64,64,1,"-","t","A","mismatch",FALSE,1,0.2,1
"ID_4",104,104,1,"-","t","C","mismatch",FALSE,1,0.2,1
"ID_4",113,113,1,"-","c","T","mismatch",FALSE,1,0.2,1
"ID_4",115,115,1,"-","t","G","mismatch",FALSE,1,0.2,1
"ID_4",117,117,1,"-","a","C","mismatch",FALSE,1,0.2,1
"ID_4",119,119,1,"-","a","G","mismatch",FALSE,1,0.2,1
"ID_4",120,120,1,"-","g","C","mismatch",FALSE,1,0.2,1
"ID_4",126,126,1,"-","a","C","mismatch",FALSE,1,0.2,1
"ID_4",130,130,1,"-","c","T","mismatch",FALSE,1,0.2,1
"ID_4",131,131,1,"-","t","G","mismatch",FALSE,1,0.2,1
"ID_4",132,132,1,"-","a","T","mismatch",FALSE,1,0.2,1
"ID_4",133,133,1,"-","a","C","mismatch",FALSE,1,0.2,1
"ID_4",134,134,1,"-","g","T","mismatch",FALSE,1,0.2,1
"ID_4",136,136,1,"-","a","T","mismatch",FALSE,1,0.2,1
"ID_4",137,137,1,"-","c","A","mismatch",FALSE,1,0.2,1
"ID_4",145,145,1,"-","a","G","mismatch",FALSE,1,0.2,1
"ID_4",152,152,1,"-","g","A","mismatch",FALSE,1,0.2,1
"ID_4",158,158,1,"-","t","C","mismatch",FALSE,1,0.2,1
"ID_4",152,194,43,"+","","","deletion",FALSE,1,0.2,2
"ID_4",58,58,1,"+","c","T","mismatch",FALSE,1,0.2,2
"ID_4",121,121,1,"+","g","A","mismatch",FALSE,1,0.2,2
"ID_4",129,129,1,"+","t","G","mismatch",FALSE,1,0.2,2
"ID_4",1,43,43,"-","","","deletion",FALSE,1,0.2,2
"ID_4",58,58,1,"-","c","T","mismatch",FALSE,1,0.2,2
"ID_4",123,123,1,"-","C","A","mismatch",FALSE,1,0.2,2
"ID_4",142,142,1,"-","a","C","mismatch",FALSE,1,0.2,2
"ID_4",148,148,1,"-","a","C","mismatch",FALSE,1,0.2,2
"ID_4",155,155,1,"-","a","C","mismatch",FALSE,1,0.2,2
"ID_4",120,129,10,"+","","","deletion",TRUE,3,0.6,3
"ID_4",162,194,33,"+","","","deletion",FALSE,3,0.6,3
"ID_4",58,58,1,"+","c","T","mismatch",FALSE,3,0.6,3
"ID_4",129,129,1,"+","t","G","mismatch",FALSE,3,0.6,3
"ID_4",130,130,1,"+","c","T","mismatch",FALSE,3,0.6,3
"ID_4",131,131,1,"+","t","C","mismatch",FALSE,3,0.6,3
"ID_4",132,132,1,"+","a","T","mismatch",FALSE,3,0.6,3
"ID_4",1,33,33,"-","","","deletion",FALSE,3,0.6,3
"ID_4",120,129,10,"-","","","deletion",TRUE,3,0.6,3
"ID_4",58,58,1,"-","c","T","mismatch",FALSE,3,0.6,3
"ID_4",129,129,1,"-","t","G","mismatch",FALSE,3,0.6,3
"ID_4",130,130,1,"-","c","T","mismatch",FALSE,3,0.6,3
"ID_4",131,131,1,"-","t","C","mismatch",FALSE,3,0.6,3
"ID_4",132,132,1,"-","a","T","mismatch",FALSE,3,0.6,3
