"seqnames","start","end","width","strand","originally","replacement","type","cut","count","frequency","read_id"
"ID_1",34,117,84,"+","","","deletion",TRUE,1,0.166666666666667,2
"ID_1",31,31,1,"+","A","G","mismatch",FALSE,1,0.166666666666667,2
"ID_1",171,171,1,"+","G","A","mismatch",FALSE,1,0.166666666666667,2
"ID_1",34,117,84,"-","","","deletion",TRUE,1,0.166666666666667,2
"ID_1",31,31,1,"-","A","G","mismatch",FALSE,1,0.166666666666667,2
"ID_1",171,171,1,"-","G","A","mismatch",FALSE,1,0.166666666666667,2
"ID_1",112,131,20,"+","","AAAAAAAAAAAAAAAAAAAA","insertion",FALSE,2,0.333333333333333,3
"ID_1",38,111,74,"+","","","deletion",TRUE,2,0.333333333333333,3
"ID_1",31,31,1,"+","A","G","mismatch",FALSE,2,0.333333333333333,3
"ID_1",163,163,1,"+","T","A","mismatch",FALSE,2,0.333333333333333,3
"ID_1",112,131,20,"-","","AAAAAAAAAAAAAAAAAAAA","insertion",FALSE,2,0.333333333333333,3
"ID_1",38,111,74,"-","","","deletion",TRUE,2,0.333333333333333,3
"ID_1",31,31,1,"-","A","G","mismatch",FALSE,2,0.333333333333333,3
"ID_1",163,163,1,"-","T","A","mismatch",FALSE,2,0.333333333333333,3
"ID_1",108,127,20,"+","","AAAAAAAAAAAAAAAAAAAA","insertion",FALSE,3,0.5,4
"ID_1",42,107,66,"+","","","deletion",TRUE,3,0.5,4
"ID_1",31,31,1,"+","A","G","mismatch",FALSE,3,0.5,4
"ID_1",163,163,1,"+","T","A","mismatch",FALSE,3,0.5,4
"ID_1",108,127,20,"-","","AAAAAAAAAAAAAAAAAAAA","insertion",FALSE,3,0.5,4
"ID_1",42,107,66,"-","","","deletion",TRUE,3,0.5,4
"ID_1",31,31,1,"-","A","G","mismatch",FALSE,3,0.5,4
"ID_1",163,163,1,"-","T","A","mismatch",FALSE,3,0.5,4
"ID_2",115,127,13,"-","","","deletion",TRUE,3,0.5,1
"ID_2",115,127,13,"+","","","deletion",TRUE,3,0.5,1
"ID_2",106,114,9,"-","","","deletion",TRUE,2,0.333333333333333,2
"ID_2",106,114,9,"+","","","deletion",TRUE,2,0.333333333333333,2
"ID_2",101,105,5,"-","","","deletion",TRUE,1,0.166666666666667,3
"ID_2",101,105,5,"+","","","deletion",TRUE,1,0.166666666666667,3
"ID_3",171,171,1,"+","","T","insertion",FALSE,5,0.625,1
"ID_3",66,83,18,"+","","","deletion",TRUE,5,0.625,1
"ID_3",167,167,1,"+","G","T","mismatch",FALSE,5,0.625,1
"ID_3",168,168,1,"+","C","T","mismatch",FALSE,5,0.625,1
"ID_3",169,169,1,"+","C","T","mismatch",FALSE,5,0.625,1
"ID_3",170,170,1,"+","A","T","mismatch",FALSE,5,0.625,1
"ID_3",171,171,1,"-","","T","insertion",FALSE,5,0.625,1
"ID_3",66,83,18,"-","","","deletion",TRUE,5,0.625,1
"ID_3",167,167,1,"-","G","T","mismatch",FALSE,5,0.625,1
"ID_3",168,168,1,"-","C","T","mismatch",FALSE,5,0.625,1
"ID_3",169,169,1,"-","C","T","mismatch",FALSE,5,0.625,1
"ID_3",170,170,1,"-","A","T","mismatch",FALSE,5,0.625,1
"ID_3",63,68,6,"+","","","deletion",TRUE,2,0.25,2
"ID_3",81,86,6,"+","","","deletion",TRUE,2,0.25,2
"ID_3",63,68,6,"-","","","deletion",TRUE,2,0.25,2
"ID_3",81,86,6,"-","","","deletion",TRUE,2,0.25,2
"ID_3",74,89,16,"+","","CCCCCCCCCCCCCCCC","insertion",FALSE,1,0.125,3
"ID_3",26,42,17,"+","","","deletion",FALSE,1,0.125,3
"ID_3",74,89,16,"-","","CCCCCCCCCCCCCCCC","insertion",FALSE,1,0.125,3
"ID_3",26,42,17,"-","","","deletion",FALSE,1,0.125,3
"ID_4",109,126,18,"+","","ACCACACGTGCATCGTAC","insertion",FALSE,1,0.142857142857143,1
"ID_4",52,63,12,"+","","","deletion",FALSE,1,0.142857142857143,1
"ID_4",162,162,1,"+","G","C","mismatch",FALSE,1,0.142857142857143,1
"ID_4",164,164,1,"+","A","T","mismatch",FALSE,1,0.142857142857143,1
"ID_4",167,167,1,"+","A","G","mismatch",FALSE,1,0.142857142857143,1
"ID_4",109,126,18,"-","","ACCACACGTGCATCGTAC","insertion",FALSE,1,0.142857142857143,1
"ID_4",52,63,12,"-","","","deletion",FALSE,1,0.142857142857143,1
"ID_4",162,162,1,"-","G","C","mismatch",FALSE,1,0.142857142857143,1
"ID_4",164,164,1,"-","A","T","mismatch",FALSE,1,0.142857142857143,1
"ID_4",167,167,1,"-","A","G","mismatch",FALSE,1,0.142857142857143,1
"ID_4",37,68,32,"+","","","deletion",FALSE,4,0.571428571428571,2
"ID_4",91,98,8,"+","","","deletion",FALSE,4,0.571428571428571,2
"ID_4",114,115,2,"+","","","deletion",FALSE,4,0.571428571428571,2
"ID_4",147,166,20,"+","","","deletion",FALSE,4,0.571428571428571,2
"ID_4",102,102,1,"+","C","A","mismatch",FALSE,4,0.571428571428571,2
"ID_4",104,104,1,"+","G","C","mismatch",FALSE,4,0.571428571428571,2
"ID_4",106,106,1,"+","C","G","mismatch",FALSE,4,0.571428571428571,2
"ID_4",107,107,1,"+","C","A","mismatch",FALSE,4,0.571428571428571,2
"ID_4",112,112,1,"+","A","T","mismatch",FALSE,4,0.571428571428571,2
"ID_4",113,113,1,"+","A","G","mismatch",FALSE,4,0.571428571428571,2
"ID_4",145,145,1,"+","C","G","mismatch",FALSE,4,0.571428571428571,2
"ID_4",116,126,11,"-","","ACTGACTGCTG","insertion",FALSE,4,0.571428571428571,2
"ID_4",37,68,32,"-","","","deletion",FALSE,4,0.571428571428571,2
"ID_4",147,166,20,"-","","","deletion",FALSE,4,0.571428571428571,2
"ID_4",145,145,1,"-","C","G","mismatch",FALSE,4,0.571428571428571,2
"ID_4",118,125,8,"+","","GGGGGGGG","insertion",FALSE,2,0.285714285714286,3
"ID_4",36,62,27,"+","","","deletion",FALSE,2,0.285714285714286,3
"ID_4",159,159,1,"+","T","A","mismatch",FALSE,2,0.285714285714286,3
"ID_4",167,167,1,"+","A","T","mismatch",FALSE,2,0.285714285714286,3
"ID_4",118,125,8,"-","","GGGGGGGG","insertion",FALSE,2,0.285714285714286,3
"ID_4",36,62,27,"-","","","deletion",FALSE,2,0.285714285714286,3
"ID_4",159,159,1,"-","T","A","mismatch",FALSE,2,0.285714285714286,3
"ID_4",167,167,1,"-","A","T","mismatch",FALSE,2,0.285714285714286,3
