seqnames,start,end,width,strand,originally,replacement,type,read_id,score,counts,overlaps
ID_1,42,61,20,+,,AAAAAAAAAAAAAAAAAAAA,insertion,1,547,3,FALSE
ID_1,46,65,20,+,,AAAAAAAAAAAAAAAAAAAA,insertion,2,507,2,FALSE
ID_1,-24,41,66,+,,,deletion,1,547,3,TRUE
ID_1,-28,45,74,+,,,deletion,2,507,2,TRUE
ID_1,-32,51,84,+,,,deletion,4,507,1,TRUE
ID_1,-35,-35,1,+,A,G,mismatch,1,547,3,FALSE
ID_1,97,97,1,+,T,A,mismatch,1,547,3,FALSE
ID_1,-35,-35,1,+,A,G,mismatch,2,507,2,FALSE
ID_1,97,97,1,+,T,A,mismatch,2,507,2,FALSE
ID_1,-35,-35,1,+,A,G,mismatch,4,507,1,FALSE
ID_1,105,105,1,+,G,A,mismatch,4,507,1,FALSE
ID_1,42,61,20,-,,AAAAAAAAAAAAAAAAAAAA,insertion,1,547,3,FALSE
ID_1,46,65,20,-,,AAAAAAAAAAAAAAAAAAAA,insertion,2,507,2,FALSE
ID_1,-24,41,66,-,,,deletion,1,547,3,TRUE
ID_1,-28,45,74,-,,,deletion,2,507,2,TRUE
ID_1,-32,51,84,-,,,deletion,4,507,1,TRUE
ID_1,-35,-35,1,-,A,G,mismatch,1,547,3,FALSE
ID_1,97,97,1,-,T,A,mismatch,1,547,3,FALSE
ID_1,-35,-35,1,-,A,G,mismatch,2,507,2,FALSE
ID_1,97,97,1,-,T,A,mismatch,2,507,2,FALSE
ID_1,-35,-35,1,-,A,G,mismatch,4,507,1,FALSE
ID_1,105,105,1,-,G,A,mismatch,4,507,1,FALSE
ID_2,5,17,13,-,,,deletion,1,850,3,TRUE
ID_2,-4,4,9,-,,,deletion,2,870,2,TRUE
ID_2,-9,-5,5,-,,,deletion,3,890,1,FALSE
ID_2,5,17,13,+,,,deletion,1,885,3,TRUE
ID_2,-4,4,9,+,,,deletion,2,905,2,TRUE
ID_2,-9,-5,5,+,,,deletion,3,925,1,FALSE
ID_3,105,105,1,+,,T,insertion,1,769,5,FALSE
ID_3,8,23,16,+,,CCCCCCCCCCCCCCCC,insertion,3,810,1,TRUE
ID_3,0,17,18,+,,,deletion,1,769,5,TRUE
ID_3,-3,2,6,+,,,deletion,2,835,2,TRUE
ID_3,15,20,6,+,,,deletion,2,835,2,TRUE
ID_3,-40,-24,17,+,,,deletion,3,810,1,FALSE
ID_3,101,101,1,+,G,T,mismatch,1,769,5,FALSE
ID_3,102,102,1,+,C,T,mismatch,1,769,5,FALSE
ID_3,103,103,1,+,C,T,mismatch,1,769,5,FALSE
ID_3,104,104,1,+,A,T,mismatch,1,769,5,FALSE
ID_3,105,105,1,-,,T,insertion,1,769,5,FALSE
ID_3,8,23,16,-,,CCCCCCCCCCCCCCCC,insertion,3,810,1,TRUE
ID_3,0,17,18,-,,,deletion,1,769,5,TRUE
ID_3,-3,2,6,-,,,deletion,2,835,2,TRUE
ID_3,15,20,6,-,,,deletion,2,835,2,TRUE
ID_3,-40,-24,17,-,,,deletion,3,810,1,FALSE
ID_3,101,101,1,-,G,T,mismatch,1,769,5,FALSE
ID_3,102,102,1,-,C,T,mismatch,1,769,5,FALSE
ID_3,103,103,1,-,C,T,mismatch,1,769,5,FALSE
ID_3,104,104,1,-,A,T,mismatch,1,769,5,FALSE
ID_4,14,21,8,+,,GGGGGGGG,insertion,2,717,2,TRUE
ID_4,5,22,18,+,,ACCACACGTGCATCGTAC,insertion,3,783,1,TRUE
ID_4,-67,-36,32,+,,,deletion,1,397,4,FALSE
ID_4,-13,-6,8,+,,,deletion,1,397,4,FALSE
ID_4,10,11,2,+,,,deletion,1,397,4,TRUE
ID_4,43,62,20,+,,,deletion,1,397,4,FALSE
ID_4,-68,-42,27,+,,,deletion,2,717,2,FALSE
ID_4,-52,-41,12,+,,,deletion,3,783,1,FALSE
ID_4,-2,-2,1,+,C,A,mismatch,1,397,4,FALSE
ID_4,0,0,1,+,G,C,mismatch,1,397,4,TRUE
ID_4,2,2,1,+,C,G,mismatch,1,397,4,TRUE
ID_4,3,3,1,+,C,A,mismatch,1,397,4,TRUE
ID_4,8,8,1,+,A,T,mismatch,1,397,4,TRUE
ID_4,9,9,1,+,A,G,mismatch,1,397,4,TRUE
ID_4,41,41,1,+,C,G,mismatch,1,397,4,FALSE
ID_4,55,55,1,+,T,A,mismatch,2,717,2,FALSE
ID_4,63,63,1,+,A,T,mismatch,2,717,2,FALSE
ID_4,58,58,1,+,G,C,mismatch,3,783,1,FALSE
ID_4,60,60,1,+,A,T,mismatch,3,783,1,FALSE
ID_4,63,63,1,+,A,G,mismatch,3,783,1,FALSE
ID_4,12,22,11,-,,ACTGACTGCTG,insertion,1,551,4,TRUE
ID_4,14,21,8,-,,GGGGGGGG,insertion,2,717,2,TRUE
ID_4,5,22,18,-,,ACCACACGTGCATCGTAC,insertion,3,783,1,TRUE
ID_4,-67,-36,32,-,,,deletion,1,551,4,FALSE
ID_4,43,62,20,-,,,deletion,1,551,4,FALSE
ID_4,-68,-42,27,-,,,deletion,2,717,2,FALSE
ID_4,-52,-41,12,-,,,deletion,3,783,1,FALSE
ID_4,41,41,1,-,C,G,mismatch,1,551,4,FALSE
ID_4,55,55,1,-,T,A,mismatch,2,717,2,FALSE
ID_4,63,63,1,-,A,T,mismatch,2,717,2,FALSE
ID_4,58,58,1,-,G,C,mismatch,3,783,1,FALSE
ID_4,60,60,1,-,A,T,mismatch,3,783,1,FALSE
ID_4,63,63,1,-,A,G,mismatch,3,783,1,FALSE
