seqnames,start,end,width,strand,originally,replacement,type,read_id,score,counts,overlaps,consensus
ID_1,42,61,20,+,,AAAAAAAAAAAAAAAAAAAA,insertion,1,597,3,FALSE,TRUE
ID_1,46,65,20,+,,AAAAAAAAAAAAAAAAAAAA,insertion,2,557,2,FALSE,TRUE
ID_1,-24,41,66,+,,,deletion,1,597,3,FALSE,TRUE
ID_1,-28,45,74,+,,,deletion,2,557,2,FALSE,TRUE
ID_1,-35,-35,1,+,A,G,mismatch,1,597,3,FALSE,TRUE
ID_1,-35,-35,1,+,A,G,mismatch,2,557,2,FALSE,TRUE
ID_1,-43,-43,1,+,T,G,mismatch,3,193,1,TRUE,TRUE
ID_1,-35,-35,1,+,A,G,mismatch,4,532,1,FALSE,TRUE
ID_1,42,61,20,-,,AAAAAAAAAAAAAAAAAAAA,insertion,1,597,3,FALSE,FALSE
ID_1,46,65,20,-,,AAAAAAAAAAAAAAAAAAAA,insertion,2,557,2,FALSE,FALSE
ID_1,-24,41,66,-,,,deletion,1,597,3,FALSE,FALSE
ID_1,-28,45,74,-,,,deletion,2,557,2,FALSE,FALSE
ID_1,-35,-35,1,-,A,G,mismatch,1,597,3,FALSE,FALSE
ID_1,-35,-35,1,-,A,G,mismatch,2,557,2,FALSE,FALSE
ID_1,-43,-43,1,-,T,G,mismatch,3,193,1,TRUE,FALSE
ID_1,-35,-35,1,-,A,G,mismatch,4,532,1,FALSE,FALSE
ID_2,-42,-39,4,-,,ATAT,insertion,4,627,1,FALSE,FALSE
ID_2,-109,-55,55,-,,,deletion,4,627,1,TRUE,TRUE
ID_2,-103,-84,20,+,,CTGGCATACGCAGCACCTGG,insertion,4,35,1,TRUE,FALSE
ID_2,-163,-92,72,+,,AGGACTCCTTTCCCCATTGGTGTGGGAAGAAAGGGTATCCCAGTGACCTCCAGTGACCTTCCCTGACCTTCT,insertion,4,35,1,TRUE,FALSE
ID_3,8,23,16,+,,CCCCCCCCCCCCCCCC,insertion,3,860,1,FALSE,TRUE
ID_3,0,17,18,+,,,deletion,1,819,5,FALSE,TRUE
ID_3,-3,2,6,+,,,deletion,2,885,2,FALSE,TRUE
ID_3,15,20,6,+,,,deletion,2,885,2,FALSE,TRUE
ID_3,-40,-24,17,+,,,deletion,3,860,1,TRUE,TRUE
ID_3,8,23,16,-,,CCCCCCCCCCCCCCCC,insertion,3,860,1,FALSE,FALSE
ID_3,0,17,18,-,,,deletion,1,819,5,FALSE,FALSE
ID_3,-3,2,6,-,,,deletion,2,885,2,FALSE,FALSE
ID_3,15,20,6,-,,,deletion,2,885,2,FALSE,FALSE
ID_3,-40,-24,17,-,,,deletion,3,860,1,TRUE,FALSE
ID_4,-67,-36,32,+,,,deletion,1,497,4,FALSE,TRUE
ID_4,-68,-42,27,+,,,deletion,2,767,2,FALSE,TRUE
ID_4,-52,-41,12,+,,,deletion,3,833,1,FALSE,TRUE
ID_4,-67,-36,32,-,,,deletion,1,626,4,FALSE,FALSE
ID_4,-68,-42,27,-,,,deletion,2,767,2,FALSE,FALSE
ID_4,-52,-41,12,-,,,deletion,3,833,1,FALSE,FALSE
