Reverse,Forward,Total,BarcodeFrequency,Asigned,PRIMER_DIMER,forwardFound,reverseFound,guideFoundForward,guideFoundReverse
TTGTGCTTTTGTAGTTGTGCCCCTTGTGTTGGCAGAGGGTCAGCAGACCAGTAAGTCTTCTCAATTTCTTTTATTTATGTGTAGTGATAAAAAAATGTTAAATTAAAATTAAATGTTTTTTTTTGCCTTGCATTTTGCAGCAGAGGATGAA,AAATACTGTCTTGTGACCAAACCTTCTTAAGGTGCTATTTTGATAATAAACTTTATTGTGCTTTTGTAGTTGTGCCCCTTGTGTTGGCAGAGGGTCAGCAGACCAGTAAGTCTTCTCAATTTCTTTTATTTATGTGTAGTGATAAAAAAAT,1,0.0769230769230769,FALSE,FALSE,TRUE,FALSE,TRUE,FALSE
TTGTGCTTTTGTAGTTGTGCCCCTTGTGTTGGCAGAGGGTCAGCAGACCAGTAAGTCTTCTCAATTTCTTTTATTTATGTGTAGTGATAAAAAAATGTTAAATTAAAATTAAATGTTTTTTTTTGCCTTGCATTTTGCAGCAGAGGATGAA,AAATACTGTCTTGTGACCAAACCTTCTTAAGGTGCTGTTTTGATGATAAACTTTATTGTGCTTTTGTAGTTGTGCCCCTTGTGTTGGCAGAGGGTCAGCAGACCAGTAAGTCTTCTCAATTTCTTTTATTTATGTGTAGTGATAAAAAAAT,1,0.0769230769230769,FALSE,FALSE,TRUE,FALSE,TRUE,FALSE
CTTTTGTTGTTGTGCCCCTTGTGTTGGCAGAGGGTCAGCAGACCAGTAAGTCTTCTCAATTTCTTTTATTTATGTATATGTTGTGATAAAACAATGTTAAATTAAAATTAAATGTTTTTTTTTTGCCTTGCATTTTGCAGCAGAGGATGAA,AAATACTGTCTTGTGACCAAACCTTCTTAAGGTGCTGTTTTGATGATAAACTTTATTGTGCTTTTGTAGTTGTGCCCCTTGTGTTGGCAGAGGGTCAGCAGACCAGTAAGTCTTCTCAGTTTCTTTTATTTATGTATATGTAGTGATAAAA,1,0.0769230769230769,FALSE,FALSE,TRUE,FALSE,TRUE,FALSE
AAGCTGACGGCTAAATGAAAAAGCCTCGTGTGTTTGCGCTTGTGTAATT,AAGCTGACGGCTAAATGAAAAAGCCTCGTGTGTTTGCGCTTGTGTAATT,1,0.0769230769230769,FALSE,FALSE,FALSE,FALSE,FALSE,FALSE
AAGCTGACGGCTAAATGAAAAAGTCTCGTGTGTTTGCGCTTGTGTAATT,AAGCTGACGGCTAAATGAAAAAGTCTCGTGTGTTTGCGCTTGTGTAATTCTGTTCTTATACACATCTCCGAGCCCACGAGACTAAGGCGAATCTCGTATGCCGTCTTCTGCTTGAAAAAAAAATATTATTTAAGCATAAGTAGTGATAAAA,1,0.0769230769230769,FALSE,FALSE,FALSE,FALSE,FALSE,FALSE
TTCCAGGTGCTGCGTATGCCAGGGCAGAGGAGGTGGTCAGGGAACTGGGATACCCTTTCTTCCCACACCAATGGGGAAAGGAGTCCTGCCAGATGACCATCCCAACTGTGTTGCTGCAGCCAGATCCAGGTGTGTTTGCGCTTGTGTAATT,AAGCTGACGGCTAAATGAAAAATATCAAACATCTGTTCCAGGTGCTGCGTATGCCAGGGCAGAGGAGGTGGTCAGGGAACTGGGATACCCTTTCTTCCCACACCAATGGGGAAAGGAGTCCTGCCAGATGACCATCCCAACTGTGTTG,3,0.230769230769231,FALSE,FALSE,FALSE,FALSE,FALSE,FALSE
ATGCCAGGGCAGAGAAGAAGGTCAGGGAAGGTCACTGGAGGTCACTGGGATACCGTATCTATTTACCCCAATGGGGAAAGGAGTCCTGCCAGATGACCATCCCAACTGTGTTGTTGCAGCCAGATCCAGGTGTGTTTGCGCTTGTGTAATT,AAGCTGACGGCTAAATGAAAAATATCTGAAACATCTGTTCCAGGTGCTGCGTATGCAAAAAAAGAGAAGAAGGTCAGGGAAGGTCACTGGAGGTGTTAGGGATACCCTTTCTTCCCACACCAATGGGGAAAGGAGTCCTGCCAGATGACCA,1,0.0769230769230769,FALSE,FALSE,FALSE,FALSE,FALSE,FALSE
TGTTCCAGGTGCTGCGTATGCCAGGGACAGCACAGAGGAGGTCACTGGGATCCCCTTTCTTCCCACACCAATGGGGAAAGGAGTCCTGCCAGATGACCATCCCAACTGTGTTGCTGCAGCCAGATCCAGGTGTGTTTGCGCTTGTGTAATT,AAGCTGACGGCTAAATGAAAAATATCTGAAACATCTGTTCCAGGTGCTGCGTATGCCAGGGACAGCACAGAGGAGGTCACTGGGATCCCCTTTCTTCCCACACCAATGGGGAAAGGAGTCCTGCCAGATGACCATCCCAACTGTGTTG,1,0.0769230769230769,FALSE,FALSE,FALSE,FALSE,FALSE,FALSE
ATGCCAGGGCAGAGAAGAAGGTCAGGGAAGGTCACTGGAGGTCACTGGGATACCCTTTCTTCCCACACCAATGGGGAAAGGAGTCCTGCCAGATGACCATCCCAACTGTGTTGTTGCAGCCAGATCCAGGTGTGTTTGCGCTTGTGTAATT,AAGCTGACGGCTAAATGAAAAATATCTGAAACATCTGTTCCAGGTGCTGCGTATGCCAGGGCAGAGAAGAAGGTCAGGGAAGGTCACTGGAGGTCACTGGGATACCCTTTCTTCCCACACCAATGGGGAAAGGAGTCCTGCCAGATGACCA,3,0.230769230769231,FALSE,FALSE,FALSE,FALSE,FALSE,FALSE
